Year,Total Civilian Employed Population 18+,Veteran Population Estimate
2022,71077,1350.463
2021,70375,1900.1250000000002
2019,71424,1571.3280000000002
2018,70491,986.8739999999999
2017,65860,987.9
2016,60993,1036.881
2015,63924,767.088
2014,64019,1344.3990000000001
2013,65230,717.5300000000001
2012,61522,1476.528
2011,59053,1594.4310000000003
2010,58505,760.565
